{
  "train_loss": [
    1.8908912172317505,
    1.722938570022583,
    1.6502400846481324,
    1.6278180952072143,
    1.6161403875350953,
    1.6344513034820556,
    1.607306908607483,
    1.5849143190383912,
    1.6115439958572388,
    1.5940838918685913,
    1.5567198858261109,
    1.5029767875671387,
    1.4713377780914307,
    1.3218325099945067,
    1.1864833726882935,
    1.0574268016815185,
    0.8057959799766541,
    0.6925657777786255,
    0.5584744117259979,
    0.42807623314857485,
    0.4097152352333069,
    0.3758854293823242,
    0.3460510649681091
  ],
  "val_loss": [
    1.8846914768218994,
    1.7124024629592896,
    1.6278245449066162,
    1.6137462854385376,
    1.6030030250549316,
    1.591068148612976,
    1.5496577024459839,
    1.4691510200500488,
    1.4038527011871338,
    1.423915982246399,
    1.4402494430541992,
    1.2878451347351074,
    1.0417367219924927,
    0.9564514756202698,
    0.854175865650177,
    0.6218281984329224,
    0.5739731192588806,
    0.39200514554977417,
    0.3113037049770355,
    0.3100442886352539,
    0.2935566008090973,
    0.2836146056652069,
    0.28191065788269043
  ],
  "train_acc": [
    0.16,
    0.228,
    0.196,
    0.2,
    0.196,
    0.212,
    0.184,
    0.268,
    0.2,
    0.268,
    0.324,
    0.36,
    0.364,
    0.512,
    0.592,
    0.64,
    0.772,
    0.744,
    0.776,
    0.824,
    0.828,
    0.84,
    0.812
  ],
  "val_acc": [
    0.2,
    0.2,
    0.2,
    0.2,
    0.2,
    0.2,
    0.2,
    0.6,
    0.36,
    0.2,
    0.2,
    0.66,
    0.8,
    0.8,
    0.8,
    0.6,
    0.8,
    0.8,
    0.8,
    0.8,
    0.8,
    0.8,
    0.8
  ],
  "lr": [
    0.001,
    0.001,
    0.001,
    0.001,
    0.001,
    0.001,
    0.001,
    0.0005,
    0.0005,
    0.0005,
    0.0005,
    0.0005,
    0.0005,
    0.0005,
    0.0005,
    0.0005,
    0.0005,
    0.0005,
    0.0005,
    0.00025,
    0.00025,
    0.00025,
    0.00025
  ]
}